Bradley Beal\bealbr01,SG,27,WAS,34,34,35.5,11.2,23.5,.478,2.2,6.8,.329,9.0,16.7,.539,.526,7.4,8.3,.900,1.3,4.0,5.3,4.6,1.4,0.4,3.2,2.4,32.1
Joel Embiid\embiijo01,C,26,PHI,31,31,32.6,9.5,18.0,.525,1.2,2.9,.422,8.2,15.1,.545,.559,9.8,11.4,.859,2.2,9.3,11.5,3.3,1.2,1.4,3.2,2.5,29.9
Damian Lillard\lillada01,PG,30,POR,37,37,36.1,9.3,20.8,.446,4.3,11.2,.386,5.0,9.6,.517,.550,7.0,7.5,.932,0.5,3.9,4.4,7.9,1.0,0.3,3.3,1.6,29.9
Stephen Curry\curryst01,PG,32,GSW,37,37,34.0,9.7,20.4,.476,4.8,11.6,.411,4.9,8.8,.561,.593,5.2,5.6,.927,0.5,4.9,5.4,6.3,1.3,0.1,3.1,1.8,29.3
Giannis Antetokounmpo\antetgi01,PF,26,MIL,37,37,33.9,10.5,18.7,.561,1.1,3.8,.296,9.4,14.9,.629,.591,6.9,10.2,.672,1.9,9.7,11.6,6.1,1.2,1.4,3.6,3.0,29.0
Luka Dončić\doncilu01,PG,21,DAL,34,34,35.2,9.9,20.7,.476,2.6,7.6,.349,7.2,13.1,.549,.540,5.9,7.8,.754,0.8,7.6,8.4,9.1,0.9,0.6,4.2,2.1,28.2
Zach LaVine\lavinza01,SG,25,CHI,37,37,35.5,10.0,19.2,.523,3.5,7.9,.435,6.6,11.2,.586,.614,4.6,5.4,.859,0.7,4.5,5.2,5.1,1.0,0.5,3.9,2.6,28.1
Kyrie Irving\irvinky01,PG,28,BRK,28,28,35.5,10.4,20.3,.514,2.9,7.1,.407,7.5,13.2,.572,.585,3.6,4.0,.894,1.2,3.7,4.9,5.8,1.1,0.6,2.4,2.8,27.4
Nikola Jokić\jokicni01,C,25,DEN,38,38,35.9,10.6,18.7,.566,1.5,3.7,.411,9.1,15.0,.605,.607,4.4,5.1,.876,2.8,8.3,11.1,8.6,1.6,0.6,3.1,2.8,27.1
Kawhi Leonard\leonaka01,SF,29,LAC,32,32,34.3,9.6,18.5,.517,2.1,5.2,.404,7.5,13.3,.561,.573,5.3,6.1,.877,0.9,5.4,6.3,4.8,1.6,0.5,2.0,1.6,26.6
Trae Young\youngtr01,PG,22,ATL,37,37,34.5,7.7,17.8,.433,2.5,6.7,.379,5.2,11.1,.466,.505,8.4,9.6,.873,0.7,3.4,4.1,9.2,0.8,0.2,4.4,2.0,26.4
LeBron James\jamesle01,PG,36,LAL,37,37,34.6,9.6,18.9,.507,2.4,6.6,.357,7.2,12.3,.588,.569,4.1,5.9,.689,0.6,7.3,7.9,7.8,1.1,0.6,3.7,1.6,25.6
Zion Williamson\willizi01,PF,20,NOP,37,37,32.6,9.9,16.0,.619,0.2,0.5,.316,9.7,15.5,.629,.624,5.6,8.1,.691,2.7,4.3,7.0,3.4,0.9,0.7,2.5,2.4,25.5
James Harden\hardeja01,PG-SG,31,TOT,33,33,37.8,8.0,16.7,.478,3.1,8.1,.383,4.9,8.7,.566,.571,6.1,7.0,.870,0.9,7.1,7.9,11.0,1.2,0.8,4.3,2.2,25.2
Devin Booker\bookede01,SG,24,PHO,33,33,34.0,9.2,18.6,.497,2.0,5.6,.362,7.2,13.0,.555,.551,4.5,5.4,.843,0.2,3.5,3.7,4.6,0.8,0.3,3.5,2.9,25.1
Jayson Tatum\tatumja01,SF,22,BOS,33,33,35.6,9.1,20.5,.445,2.6,7.0,.375,6.5,13.5,.481,.509,4.2,4.8,.863,0.6,6.4,7.0,4.5,1.3,0.5,2.5,1.9,25.1
Nikola Vučević\vucevni01,C,30,ORL,39,39,33.9,10.1,20.5,.490,2.7,6.5,.416,7.3,14.0,.525,.556,2.2,2.5,.848,1.9,9.7,11.6,3.7,1.0,0.6,1.9,1.7,25.0
Donovan Mitchell\mitchdo01,SG,24,UTA,36,36,34.1,8.4,20.1,.419,3.3,8.8,.381,5.1,11.4,.449,.502,4.5,5.5,.823,1.1,3.6,4.6,5.4,0.9,0.3,3.0,2.3,24.8
Jaylen Brown\brownja02,SG,24,BOS,35,35,33.8,9.1,18.7,.489,2.3,6.0,.384,6.8,12.6,.538,.551,3.8,5.0,.764,1.1,4.4,5.5,3.9,1.2,0.5,2.8,2.8,24.3
Shai Gilgeous-Alexander\gilgesh01,SG,22,OKC,32,32,34.0,8.1,15.8,.509,2.1,5.0,.415,6.0,10.9,.552,.574,5.5,6.8,.808,0.6,4.4,5.0,6.2,0.8,0.6,2.9,2.1,23.7
Brandon Ingram\ingrabr01,SF,23,NOP,39,39,34.2,8.4,17.6,.478,2.4,6.2,.380,6.1,11.4,.531,.545,4.5,5.1,.884,0.6,4.5,5.1,4.7,0.6,0.8,2.3,2.0,23.7
Collin Sexton\sextoco01,SG,22,CLE,33,33,36.0,8.7,18.1,.478,1.6,4.2,.384,7.1,13.9,.507,.523,4.7,5.9,.804,0.7,1.9,2.6,4.2,1.2,0.1,2.8,2.8,23.7
Jerami Grant\grantje01,SF,26,DET,35,35,36.1,7.8,17.9,.434,2.4,6.8,.354,5.4,11.1,.482,.501,5.7,6.4,.888,0.8,4.5,5.3,2.9,0.7,1.1,2.0,2.7,23.6
De'Aaron Fox\foxde01,PG,23,SAC,37,37,34.4,8.5,18.2,.469,1.9,5.5,.338,6.6,12.6,.526,.520,4.6,6.7,.681,0.7,2.7,3.4,7.6,1.2,0.5,3.3,3.0,23.5
Paul George\georgpa01,SF,30,LAC,29,29,32.9,8.1,16.5,.491,3.4,7.8,.440,4.7,8.8,.535,.594,3.6,4.0,.888,0.9,5.2,6.0,5.3,1.2,0.5,3.3,2.3,23.2
Julius Randle\randlju01,PF,26,NYK,39,39,36.6,8.2,17.0,.480,1.9,4.5,.412,6.3,12.4,.505,.535,4.7,5.9,.800,1.4,9.6,11.0,5.7,0.8,0.3,3.3,3.1,22.9
Malcolm Brogdon\brogdma01,PG,28,IND,36,36,35.6,8.2,18.1,.453,2.5,6.4,.391,5.7,11.8,.487,.522,2.6,2.9,.886,0.8,4.0,4.7,6.2,1.2,0.2,2.2,2.0,21.5
Russell Westbrook\westbru01,PG,32,WAS,30,30,34.4,8.2,18.8,.439,1.2,4.0,.308,7.0,14.8,.474,.472,3.4,6.0,.572,1.6,7.8,9.4,9.8,1.2,0.3,4.7,2.9,21.1
Gordon Hayward\haywago01,SF,30,CHO,33,33,34.7,7.7,15.9,.482,2.0,4.9,.405,5.7,11.0,.517,.545,3.7,4.3,.865,0.8,4.5,5.4,3.9,1.3,0.4,2.0,1.7,21.0
Jamal Murray\murraja01,PG,23,DEN,36,36,35.3,7.7,16.3,.473,2.6,6.6,.390,5.2,9.8,.528,.551,2.9,3.4,.847,0.7,3.4,4.1,4.6,1.2,0.3,2.3,2.1,20.9
Domantas Sabonis\sabondo01,PF,24,IND,37,37,36.6,7.8,14.9,.527,0.9,2.7,.327,6.9,12.1,.572,.557,4.2,5.9,.719,2.5,8.7,11.2,6.2,1.1,0.6,3.4,3.5,20.8
Malik Beasley\beaslma01,SG,24,MIN,33,32,33.1,7.6,16.7,.455,3.5,8.7,.406,4.1,8.0,.508,.560,1.8,2.2,.847,0.8,3.8,4.6,2.5,0.8,0.2,1.6,1.6,20.5
DeMar DeRozan\derozde01,PF,31,SAS,30,30,33.9,6.9,14.0,.490,0.6,1.8,.321,6.3,12.2,.515,.511,6.0,6.8,.882,0.7,4.0,4.7,7.3,1.0,0.3,1.7,2.0,20.3
Khris Middleton\middlkh01,SF,29,MIL,38,38,33.2,7.4,15.0,.493,2.2,5.2,.424,5.2,9.8,.530,.567,3.3,3.7,.893,0.8,5.3,6.1,5.7,1.1,0.2,2.6,2.5,20.3
Terry Rozier\roziete01,SG,26,CHO,35,35,33.1,7.3,15.1,.486,3.4,7.8,.432,3.9,7.3,.543,.598,2.3,2.8,.825,0.5,3.2,3.7,3.2,1.4,0.3,2.0,1.9,20.3
Tobias Harris\harrito02,PF,28,PHI,34,34,33.6,7.8,15.1,.517,1.6,3.9,.402,6.3,11.3,.556,.568,3.0,3.4,.888,1.2,6.3,7.5,3.5,0.8,0.8,1.9,2.0,20.2
Pascal Siakam\siakapa01,PF,26,TOR,30,30,35.8,7.4,16.3,.453,1.2,4.1,.295,6.2,12.3,.505,.490,4.1,5.0,.819,1.9,5.5,7.5,4.8,1.2,0.7,2.2,3.1,20.1
Fred VanVleet\vanvlfr01,SG,26,TOR,34,34,36.7,6.6,16.6,.400,3.4,8.8,.383,3.3,7.9,.419,.501,3.5,3.9,.894,0.7,3.8,4.4,6.6,1.7,0.8,2.0,2.4,20.1
Ja Morant\moranja01,PG,21,MEM,27,27,31.1,7.1,15.7,.450,0.9,3.6,.247,6.2,12.1,.511,.479,4.7,6.0,.790,0.8,2.5,3.3,7.8,1.0,0.1,2.9,1.6,19.8
Bam Adebayo\adebaba01,C,23,MIA,33,33,33.9,7.2,12.7,.563,0.1,0.2,.333,7.1,12.5,.567,.566,4.8,5.7,.847,2.2,7.3,9.5,5.4,0.9,1.0,3.0,2.4,19.2
Norman Powell\powelno01,SG,27,TOR,37,26,30.0,6.5,13.2,.490,2.7,6.2,.435,3.8,7.0,.539,.592,3.4,3.9,.881,0.4,2.6,3.0,1.9,1.2,0.2,1.8,2.2,19.0
Kyle Lowry\lowryky01,PG,34,TOR,32,32,34.6,6.0,13.5,.445,2.8,7.2,.397,3.2,6.3,.500,.551,3.2,3.7,.873,0.9,4.7,5.5,7.3,1.1,0.2,3.0,3.2,18.1
Jordan Clarkson\clarkjo01,SG,28,UTA,38,0,25.8,6.6,14.9,.446,3.2,8.5,.370,3.5,6.3,.548,.552,1.5,1.6,.967,0.9,3.1,4.0,2.2,1.0,0.2,1.7,1.5,17.9
John Collins\collijo01,PF,23,ATL,39,39,30.5,6.9,13.1,.528,1.3,3.6,.374,5.6,9.5,.586,.580,2.8,3.3,.844,2.1,5.5,7.7,1.4,0.4,1.0,1.4,3.3,17.9
Eric Gordon\gordoer01,SG,32,HOU,27,13,29.2,5.9,13.6,.433,2.6,7.8,.329,3.3,5.8,.573,.527,3.5,4.2,.825,0.3,1.9,2.1,2.6,0.5,0.5,1.9,1.6,17.8
Andrew Wiggins\wiggian01,PF,25,GSW,39,39,32.3,6.6,14.1,.470,1.8,4.9,.358,4.8,9.1,.531,.533,2.2,3.3,.685,1.1,3.5,4.5,2.2,0.8,1.0,1.9,2.3,17.2
RJ Barrett\barrerj01,SG,20,NYK,39,39,33.1,6.5,14.4,.452,1.2,3.4,.359,5.3,11.1,.480,.494,2.8,3.9,.730,1.2,4.7,5.9,2.9,0.7,0.2,1.9,2.6,17.1
Harrison Barnes\barneha02,PF,28,SAC,35,35,35.7,5.6,11.4,.492,1.6,4.3,.376,4.0,7.1,.562,.563,3.9,4.7,.823,1.0,5.2,6.2,3.5,0.8,0.2,1.5,1.4,16.7
Mike Conley\conlemi01,PG,33,UTA,31,31,29.5,5.7,12.6,.454,2.8,6.6,.426,2.9,6.0,.484,.565,2.2,2.6,.840,0.9,2.5,3.4,5.6,1.4,0.1,1.9,1.9,16.4
Buddy Hield\hieldbu01,SG,28,SAC,38,38,34.9,5.5,14.3,.386,3.9,10.4,.373,1.6,3.9,.419,.521,1.4,1.7,.846,0.4,4.1,4.5,3.3,0.8,0.3,1.7,2.6,16.3
Tim Hardaway Jr.\hardati02,SG,28,DAL,36,17,29.3,5.7,13.1,.432,2.8,7.5,.376,2.8,5.6,.507,.540,2.0,2.6,.793,0.4,2.9,3.2,1.7,0.6,0.2,0.9,1.5,16.2
Terrence Ross\rosste01,SG,29,ORL,36,2,29.6,5.7,13.8,.414,2.3,6.3,.360,3.4,7.5,.459,.496,2.3,2.6,.894,0.3,3.2,3.5,2.3,1.1,0.5,1.7,1.9,16.0
Ben Simmons\simmobe01,PG,24,PHI,32,32,33.7,6.2,10.7,.581,0.1,0.2,.286,6.1,10.4,.587,.584,3.6,5.4,.663,1.7,6.1,7.8,7.7,1.6,0.7,3.3,3.0,16.0
Jonas Valančiūnas\valanjo01,C,28,MEM,30,29,27.7,6.5,11.9,.547,0.3,1.0,.333,6.2,10.9,.567,.561,2.6,3.5,.740,3.7,8.0,11.7,1.8,0.6,0.7,2.0,3.0,16.0
Coby White\whiteco01,PG,20,CHI,37,36,32.9,5.8,14.1,.415,2.4,6.8,.353,3.4,7.2,.474,.501,1.9,2.1,.886,0.5,4.4,4.9,5.0,0.4,0.2,2.3,2.6,16.0
Dillon Brooks\brookdi01,SF,25,MEM,32,32,29.3,6.1,15.3,.399,1.9,5.8,.332,4.2,9.5,.439,.461,1.8,2.3,.819,0.9,2.1,3.0,2.6,1.3,0.4,2.1,3.4,15.9
Darius Garland\garlada01,PG,21,CLE,29,26,32.8,6.3,14.3,.440,1.7,4.5,.382,4.6,9.8,.467,.500,1.6,1.9,.836,0.5,1.7,2.2,5.9,1.1,0.1,2.9,2.2,15.9
LaMelo Ball\ballla01,PG,19,CHO,37,17,28.9,5.7,12.7,.449,2.1,5.4,.387,3.6,7.3,.494,.531,2.3,2.8,.808,1.5,4.6,6.1,6.4,1.6,0.4,2.9,2.7,15.8
Anthony Edwards\edwaran01,SG,19,MIN,39,22,29.5,5.9,15.4,.381,2.0,6.4,.315,3.8,9.0,.429,.447,2.1,2.6,.802,0.7,3.4,4.1,2.5,0.9,0.4,1.9,1.7,15.8
Chris Paul\paulch01,PG,35,PHO,36,36,31.8,5.9,12.4,.479,1.5,3.9,.390,4.4,8.4,.520,.540,2.5,2.6,.947,0.4,4.3,4.7,8.8,1.2,0.3,2.4,2.6,15.8
Tyler Herro\herroty01,SG,21,MIA,28,14,32.1,6.0,13.7,.436,2.0,5.8,.340,4.0,7.9,.507,.508,1.8,2.3,.769,0.5,5.2,5.7,3.5,0.6,0.4,2.3,1.5,15.7
Dejounte Murray\murrade01,PG,24,SAS,35,35,30.9,6.4,14.3,.449,1.0,3.1,.321,5.4,11.2,.485,.484,1.7,2.1,.813,0.7,6.3,6.9,5.2,1.6,0.1,1.6,2.1,15.6
Bojan Bogdanović\bogdabo02,SF,31,UTA,38,38,30.5,5.1,11.9,.425,2.7,6.7,.396,2.4,5.2,.462,.536,2.7,3.2,.858,0.5,3.4,3.8,1.9,0.5,0.1,1.5,1.6,15.5
Gary Trent Jr.\trentga02,SG,22,POR,36,23,31.4,5.5,13.2,.418,3.1,7.6,.404,2.4,5.6,.438,.535,1.3,1.6,.763,0.6,1.6,2.2,1.5,0.9,0.1,0.7,1.6,15.4
Jrue Holiday\holidjr01,PG,30,MIL,28,25,30.8,6.1,12.5,.484,1.7,4.6,.364,4.4,7.9,.554,.551,1.4,1.8,.784,1.2,3.3,4.4,5.0,1.8,0.5,1.6,1.8,15.3
Kelly Oubre Jr.\oubreke01,SF,25,GSW,37,37,30.4,5.7,13.1,.435,1.6,5.3,.313,4.1,7.8,.517,.498,2.2,3.0,.727,1.4,4.6,6.0,1.4,1.1,0.8,1.2,2.2,15.2
Michael Porter Jr.\portemi01,SF,22,DEN,28,21,28.6,5.6,10.9,.515,2.4,5.6,.430,3.2,5.3,.605,.626,1.5,2.0,.750,1.4,5.8,7.1,0.8,0.8,1.0,1.1,2.4,15.1
Clint Capela\capelca01,C,26,ATL,34,34,29.5,6.5,10.9,.597,0.0,0.0,,6.5,10.9,.597,.597,1.8,3.3,.531,5.1,9.2,14.3,0.9,0.7,2.3,1.4,2.3,14.8
Dennis Schröder\schrode01,SG,27,LAL,34,34,31.3,5.2,11.9,.436,1.0,3.1,.318,4.2,8.7,.478,.478,3.4,4.2,.824,0.5,3.0,3.5,4.5,1.0,0.3,2.4,2.7,14.8
Joe Harris\harrijo01,SF,29,BRK,39,35,30.9,5.4,10.2,.526,3.4,6.7,.498,2.0,3.4,.582,.691,0.6,0.8,.688,0.5,3.0,3.5,1.7,0.6,0.2,0.8,2.2,14.6
Deandre Ayton\aytonde01,C,22,PHO,37,37,30.8,6.2,10.4,.597,0.1,0.5,.235,6.1,9.9,.614,.603,1.8,2.5,.720,3.4,7.9,11.2,1.6,0.4,1.1,1.7,3.1,14.4
Rudy Gobert\goberru01,C,28,UTA,38,38,30.8,5.5,8.6,.643,0.0,0.0,.000,5.5,8.5,.645,.643,3.4,5.7,.602,3.4,10.1,13.5,1.3,0.5,2.8,1.7,2.3,14.4
Lonzo Ball\balllo01,PG,23,NOP,36,36,31.4,5.2,12.2,.425,3.0,7.7,.388,2.2,4.4,.488,.548,0.9,1.2,.767,0.6,3.6,4.2,5.2,1.3,0.6,2.0,2.0,14.3
Carmelo Anthony\anthoca01,PF,36,POR,37,3,25.8,5.0,12.0,.415,1.8,4.7,.382,3.2,7.3,.437,.490,2.5,2.9,.858,0.6,2.8,3.4,1.6,0.9,0.8,1.1,2.2,14.2
Chris Boucher\bouchch01,C,28,TOR,39,2,24.1,4.9,9.2,.538,1.6,3.8,.432,3.3,5.4,.611,.627,2.6,3.4,.767,1.8,4.6,6.5,1.0,0.6,1.9,0.7,2.8,14.2
Marvin Bagley III\baglema01,PF,21,SAC,36,36,26.0,5.6,11.3,.499,0.9,2.6,.362,4.7,8.7,.540,.541,1.7,3.0,.560,2.5,5.1,7.6,1.0,0.5,0.5,1.4,2.5,13.9
Montrezl Harrell\harremo01,C,27,LAL,38,1,24.3,5.7,9.1,.629,0.0,0.2,.000,5.7,8.9,.642,.629,2.5,3.3,.752,2.4,4.1,6.4,1.1,0.7,0.8,1.1,2.1,13.9
Mikal Bridges\bridgmi01,SF,24,PHO,37,37,32.5,5.0,9.5,.531,1.9,4.4,.421,3.2,5.0,.629,.630,1.9,2.2,.843,1.3,3.6,4.9,2.2,0.7,0.9,0.8,1.5,13.8
Keldon Johnson\johnske04,SF,21,SAS,32,30,28.6,5.2,10.8,.480,0.9,2.9,.326,4.2,7.9,.536,.523,2.6,3.3,.781,1.5,4.8,6.3,2.0,0.7,0.5,1.3,2.2,13.8
Kendrick Nunn\nunnke01,PG,25,MIA,31,19,29.4,5.3,11.7,.450,2.0,5.7,.352,3.3,6.0,.543,.536,1.2,1.3,.923,0.5,2.7,3.2,2.7,1.1,0.3,1.7,1.8,13.7
Devonte' Graham\grahade01,PG,25,CHO,27,25,31.7,4.3,12.1,.357,2.8,8.0,.353,1.5,4.2,.363,.473,2.1,2.7,.781,0.5,2.4,2.9,5.6,1.0,0.0,1.3,1.5,13.6
Josh Richardson\richajo01,SG,27,DAL,28,28,31.8,4.8,10.8,.444,1.7,5.3,.320,3.1,5.5,.561,.522,2.3,2.5,.929,0.9,2.3,3.2,2.8,0.9,0.3,1.5,2.7,13.6
Shake Milton\miltosh01,SG,24,PHI,31,1,24.8,4.8,11.0,.441,1.0,3.4,.308,3.8,7.6,.500,.488,2.8,3.2,.888,0.6,1.7,2.3,3.1,0.6,0.3,1.6,2.3,13.5
Richaun Holmes\holmeri01,C,27,SAC,34,34,29.8,5.8,8.9,.654,0.0,0.2,.167,5.8,8.7,.664,.656,1.8,2.3,.805,2.6,5.9,8.5,1.7,0.7,1.5,1.4,3.9,13.4
Doug McDermott\mcderdo01,PF,29,IND,36,15,26.1,5.2,10.3,.508,1.6,4.5,.366,3.6,5.8,.617,.588,1.3,1.6,.814,1.0,2.9,4.0,1.4,0.3,0.1,0.9,1.8,13.4
Myles Turner\turnemy01,C,24,IND,35,35,31.3,4.7,9.6,.490,1.4,4.5,.316,3.3,5.1,.644,.564,2.6,3.3,.789,1.4,5.1,6.5,1.0,1.0,3.3,1.3,3.5,13.4
Josh Jackson\jacksjo02,SG,23,DET,34,6,24.7,4.7,11.2,.421,1.2,4.4,.284,3.5,6.9,.509,.476,2.5,3.6,.699,1.0,3.4,4.4,1.9,0.9,0.9,2.3,2.9,13.2
Jarrett Allen\allenja01,C,22,TOT,37,19,28.1,4.8,7.2,.659,0.1,0.2,.444,4.6,7.0,.667,.667,3.5,4.9,.717,3.1,6.7,9.8,1.7,0.5,1.7,1.5,1.6,13.1
Kyle Anderson\anderky01,PF,27,MEM,33,33,27.1,4.8,10.0,.480,1.5,3.9,.375,3.3,6.1,.547,.553,2.0,2.6,.767,0.9,5.1,5.9,3.4,1.1,0.6,1.4,1.7,13.0
Patty Mills\millspa02,PG,32,SAS,35,0,25.4,4.6,10.3,.443,2.7,6.8,.391,1.9,3.5,.545,.572,1.2,1.3,.894,0.3,1.5,1.8,2.5,0.7,0.0,1.1,1.4,13.0
Jalen Brunson\brunsja01,PG,24,DAL,33,8,25.1,4.7,8.8,.531,1.3,3.3,.398,3.4,5.6,.609,.604,2.2,2.7,.822,0.2,3.3,3.5,3.4,0.5,0.0,1.2,1.5,12.9
Rui Hachimura\hachiru01,PF,22,WAS,30,30,29.9,4.6,10.0,.463,0.8,2.6,.325,3.8,7.4,.511,.505,2.8,3.6,.776,1.0,4.5,5.5,1.6,0.8,0.1,1.0,2.1,12.9
Seth Curry\curryse01,SG,30,PHI,31,31,29.6,4.5,9.8,.464,2.0,4.5,.436,2.6,5.3,.488,.564,1.7,1.9,.931,0.2,1.9,2.1,2.9,0.9,0.3,1.4,1.7,12.8
Tyrese Haliburton\halibty01,PG,20,SAC,32,2,29.5,4.9,10.2,.483,2.3,5.4,.430,2.6,4.8,.542,.596,0.6,0.8,.833,0.9,2.6,3.5,5.2,1.4,0.6,1.5,1.3,12.8
Duncan Robinson\robindu01,SF,26,MIA,39,39,33.1,4.2,9.9,.424,3.3,8.5,.390,0.9,1.4,.625,.590,1.1,1.3,.840,0.1,3.8,3.9,1.6,0.5,0.2,1.2,2.4,12.8
Elfrid Payton\paytoel01,PG,26,NYK,34,34,28.1,5.2,12.0,.437,0.5,1.9,.250,4.8,10.1,.472,.457,1.6,2.2,.737,1.3,2.5,3.8,3.7,0.7,0.2,1.8,1.9,12.6
P.J. Washington\washipj01,PF,22,CHO,33,33,29.3,4.4,9.8,.451,1.4,3.6,.390,3.0,6.2,.485,.522,2.4,3.0,.798,1.5,4.9,6.4,2.9,1.1,1.2,2.2,2.7,12.6
Immanuel Quickley\quickim01,PG,21,NYK,35,0,19.3,3.9,9.8,.395,1.9,4.9,.380,2.0,4.9,.409,.490,3.0,3.2,.920,0.5,1.9,2.3,2.4,0.5,0.3,1.0,2.0,12.5
Luguentz Dort\dortlu01,SG,21,OKC,37,37,29.7,4.2,10.9,.386,1.9,5.9,.329,2.2,4.9,.454,.475,2.1,2.7,.780,0.7,2.9,3.6,1.6,0.8,0.3,1.5,2.4,12.4
Lou Williams\willilo02,PG,34,LAC,37,3,22.2,4.4,10.4,.427,1.1,2.7,.396,3.4,7.6,.438,.479,2.4,2.9,.849,0.4,1.9,2.3,3.6,0.9,0.1,1.6,1.0,12.4
Will Barton\bartowi01,SF,30,DEN,35,31,30.1,4.7,10.5,.448,1.7,4.3,.403,3.0,6.2,.479,.530,1.1,1.5,.750,0.6,3.4,4.0,3.1,0.8,0.4,1.7,1.6,12.2
Brandon Clarke\clarkbr01,PF,24,MEM,30,16,26.9,5.1,9.9,.520,0.6,1.7,.333,4.6,8.2,.559,.549,1.4,2.0,.672,1.6,4.2,5.8,1.6,1.2,0.8,0.6,1.6,12.2
Kevin Huerter\huertke01,SG,22,ATL,39,28,31.8,4.6,10.7,.428,2.2,5.8,.368,2.4,4.9,.500,.529,0.8,1.0,.842,0.7,2.9,3.6,3.6,1.3,0.3,1.2,2.5,12.2
Thaddeus Young\youngth01,PF,32,CHI,33,1,25.0,5.6,9.3,.601,0.2,0.7,.227,5.4,8.6,.630,.609,0.8,1.5,.531,2.5,3.6,6.1,4.3,1.3,0.6,1.9,2.6,12.1
Enes Kanter\kanteen01,C,28,POR,38,26,26.4,5.1,8.6,.591,0.0,0.0,,5.1,8.6,.591,.591,1.8,2.4,.758,4.2,7.6,11.8,1.2,0.5,0.7,1.2,2.7,12.0
James Wiseman\wisemja01,C,19,GSW,28,17,20.6,5.0,9.5,.528,0.4,1.0,.379,4.6,8.4,.547,.549,1.6,2.6,.616,1.4,4.5,5.9,0.6,0.3,1.0,1.5,3.1,12.0
Darius Bazley\bazleda01,PF,20,OKC,36,36,30.7,4.4,11.2,.392,1.5,5.2,.290,2.9,6.0,.479,.459,1.6,2.3,.704,0.6,6.9,7.5,1.5,0.5,0.6,1.8,0.9,11.9
Hamidou Diallo\diallha01,SG,22,OKC,32,5,23.8,4.5,9.3,.481,0.4,1.3,.293,4.1,8.0,.512,.502,2.6,4.1,.629,1.2,4.0,5.2,2.4,1.0,0.4,1.5,2.6,11.9
Eric Bledsoe\bledser01,SG,31,NOP,38,37,29.1,4.3,10.0,.426,1.8,4.9,.373,2.4,5.1,.477,.517,1.5,2.2,.683,0.4,3.0,3.4,3.9,0.7,0.3,1.6,1.6,11.8
Kyle Kuzma\kuzmaky01,SF,25,LAL,37,11,26.0,4.6,10.4,.444,1.8,5.0,.370,2.8,5.4,.513,.533,0.8,1.2,.659,2.1,4.7,6.8,1.1,0.4,0.6,1.5,1.7,11.8
Marcus Morris\morrima03,PF,31,LAC,30,2,24.2,4.1,9.5,.434,2.2,4.9,.459,1.9,4.7,.407,.551,1.3,1.5,.886,0.7,3.0,3.7,1.0,0.5,0.3,0.9,1.8,11.8
Naz Reid\reidna01,C,21,MIN,37,13,20.4,4.6,8.9,.523,0.9,2.6,.337,3.8,6.2,.602,.573,1.6,2.2,.699,1.2,3.5,4.7,1.2,0.6,1.2,1.0,3.0,11.8
Justin Holiday\holidju01,SG,31,IND,37,28,32.3,3.9,8.8,.442,2.5,6.2,.398,1.4,2.6,.547,.583,1.2,1.4,.827,0.6,3.3,3.9,1.7,1.2,0.4,0.8,2.2,11.4
Dāvis Bertāns\bertada01,PF,28,WAS,32,3,25.4,3.3,8.5,.388,2.9,7.5,.382,0.4,1.0,.438,.557,1.8,2.1,.853,0.4,2.6,3.0,0.9,0.6,0.2,0.6,2.5,11.3
Joe Ingles\inglejo01,SF,33,UTA,34,9,26.5,3.9,7.6,.521,2.4,5.3,.461,1.5,2.3,.662,.683,1.0,1.1,.895,0.4,2.9,3.4,4.4,0.4,0.3,1.6,1.8,11.3
Lonnie Walker\walkelo01,SG,22,SAS,33,27,26.6,4.2,10.3,.413,1.7,4.8,.361,2.5,5.5,.459,.497,1.0,1.3,.791,0.2,2.6,2.8,1.7,0.5,0.4,1.1,2.0,11.2
Rudy Gay\gayru01,PF,34,SAS,29,0,21.8,4.0,9.8,.411,1.6,4.3,.376,2.4,5.5,.438,.493,1.4,1.8,.804,0.9,4.2,5.1,1.5,0.8,0.5,1.1,1.7,11.1
Serge Ibaka\ibakase01,C,31,LAC,39,39,23.6,4.5,8.9,.507,1.0,2.8,.352,3.5,6.1,.577,.562,0.9,1.2,.822,1.7,4.9,6.7,1.7,0.2,1.2,1.1,1.9,10.9
Bobby Portis\portibo01,C,25,MIL,38,2,21.5,4.6,8.5,.540,1.1,2.3,.488,3.5,6.2,.559,.606,0.7,0.9,.714,1.8,5.2,7.0,1.1,0.8,0.4,0.8,1.9,10.9
Brook Lopez\lopezbr01,C,32,MIL,38,38,27.0,4.0,8.5,.467,1.6,4.5,.345,2.4,4.0,.605,.559,1.3,1.7,.810,1.4,3.7,5.0,0.7,0.5,1.4,0.9,2.1,10.8
Cedi Osman\osmande01,SF,25,CLE,37,15,25.8,3.8,10.4,.366,1.9,6.0,.326,1.9,4.4,.421,.460,1.2,1.5,.796,0.7,2.9,3.6,2.6,0.9,0.2,1.1,2.0,10.7
Wayne Ellington\ellinwa01,SG,33,DET,30,25,23.2,3.6,8.1,.446,2.7,6.4,.422,0.9,1.7,.540,.614,0.7,0.9,.741,0.3,1.5,1.8,1.4,0.4,0.2,0.7,1.5,10.6
Delon Wright\wrighde01,SG,28,DET,31,26,29.1,3.8,8.0,.470,1.0,2.5,.392,2.8,5.5,.506,.532,2.0,2.6,.778,1.1,3.5,4.5,4.8,1.4,0.5,1.2,1.2,10.6
Dwayne Bacon\bacondw01,SG,25,ORL,39,26,25.2,3.8,9.5,.404,1.1,3.1,.339,2.8,6.4,.435,.459,1.8,2.1,.852,0.3,2.6,2.9,1.1,0.6,0.1,0.7,1.6,10.5
Kelly Olynyk\olynyke01,C,29,MIA,38,33,27.1,3.9,8.8,.447,1.9,5.8,.338,2.0,3.0,.658,.559,0.7,0.9,.771,0.9,5.1,6.0,2.2,0.9,0.6,1.3,2.8,10.5
Cameron Johnson\johnsca02,PF,24,PHO,34,9,24.2,3.7,8.4,.437,2.1,5.7,.378,1.5,2.7,.559,.565,0.9,1.1,.865,0.6,2.8,3.4,1.4,0.6,0.3,0.8,1.4,10.4
Monte Morris\morrimo01,PG,25,DEN,36,10,27.2,4.0,8.5,.471,1.1,3.2,.351,2.9,5.3,.542,.536,1.3,1.8,.762,0.2,2.0,2.2,3.4,0.7,0.3,0.7,1.0,10.4
Mason Plumlee\plumlma01,C,30,DET,36,36,28.0,4.3,7.1,.606,0.0,0.2,.000,4.3,6.9,.621,.606,1.8,2.8,.660,2.8,6.3,9.1,3.9,0.8,0.8,2.1,3.5,10.4
Donte DiVincenzo\divindo01,SG,24,MIL,38,38,26.6,3.9,9.3,.416,1.8,4.9,.378,2.0,4.4,.458,.516,0.7,1.1,.650,1.2,3.8,5.0,2.9,1.1,0.2,1.3,1.4,10.3
Paul Millsap\millspa01,PF,35,DEN,28,27,23.8,3.8,7.3,.512,1.2,3.1,.395,2.5,4.3,.597,.595,1.5,2.3,.683,1.6,3.6,5.2,1.6,0.9,0.6,1.0,2.0,10.3
Patrick Williams\willipa01,PF,19,CHI,36,36,28.3,3.8,8.1,.473,0.9,2.3,.393,2.9,5.8,.505,.529,1.6,2.0,.781,0.9,3.8,4.7,1.3,0.8,0.7,1.5,2.3,10.2
Saddiq Bey\beysa01,SF,21,DET,36,19,23.2,3.2,8.0,.403,2.2,5.6,.388,1.1,2.4,.437,.538,1.5,1.7,.855,0.5,3.4,3.9,1.1,0.6,0.1,0.6,1.5,10.1
Jae Crowder\crowdja01,PF,30,PHO,34,19,27.4,3.4,8.4,.401,2.4,6.3,.376,1.0,2.2,.473,.540,0.9,1.0,.829,0.4,4.6,5.0,2.1,0.8,0.2,0.9,1.8,10.0
Jae'Sean Tate\tateja01,SF,25,HOU,37,25,27.6,4.0,7.6,.530,0.6,2.1,.299,3.4,5.5,.618,.571,1.2,1.7,.730,1.8,3.5,5.3,1.6,1.1,0.5,1.2,3.1,9.9
Desmond Bane\banede01,SG,22,MEM,31,9,22.9,3.6,7.5,.485,1.8,3.9,.451,1.9,3.6,.523,.603,0.8,0.9,.889,0.4,2.5,2.9,1.3,0.7,0.1,1.1,2.0,9.8
Miles Bridges\bridgmi02,PF,22,CHO,37,2,26.4,3.7,7.5,.491,1.2,3.3,.374,2.4,4.2,.584,.574,1.1,1.2,.932,1.3,4.5,5.8,2.0,0.7,0.7,1.7,2.3,9.7
Mike Muscala\muscami01,C,29,OKC,35,0,18.4,3.4,7.6,.446,1.9,5.3,.370,1.5,2.4,.614,.573,0.9,1.0,.917,0.5,3.2,3.8,0.8,0.2,0.3,0.6,1.5,9.7
Bryn Forbes\forbebr01,SG,27,MIL,38,6,18.7,3.5,7.3,.473,2.2,4.7,.461,1.3,2.7,.495,.620,0.5,0.7,.741,0.2,1.1,1.3,0.6,0.2,0.0,0.5,1.1,9.6
Eric Paschall\pascher01,PF,24,GSW,36,2,17.4,3.8,7.6,.495,0.4,1.3,.298,3.4,6.3,.535,.520,1.7,2.4,.718,0.8,2.5,3.2,1.3,0.3,0.2,1.1,1.7,9.6
Jeff Green\greenje02,C,34,BRK,35,16,26.5,3.4,6.8,.498,1.5,3.5,.418,1.9,3.3,.583,.605,1.2,1.6,.782,0.4,3.1,3.6,1.5,0.7,0.2,0.8,1.9,9.4
David Nwaba\nwabada01,SF,28,HOU,30,9,22.6,3.5,7.2,.488,0.6,2.1,.270,3.0,5.1,.578,.528,1.6,2.3,.691,1.3,2.6,3.9,1.0,1.0,0.7,0.6,2.0,9.2
Daniel Theis\theisda01,C,28,BOS,36,31,23.9,3.6,6.4,.570,0.8,2.1,.368,2.9,4.3,.669,.630,1.2,1.7,.677,1.3,3.7,4.9,1.3,0.6,1.1,1.0,2.8,9.2
Josh Hart\hartjo01,SF,25,NOP,39,3,28.4,3.2,7.1,.449,1.3,4.0,.331,1.8,3.1,.605,.543,1.4,1.9,.740,1.0,6.3,7.3,2.1,0.8,0.2,0.9,2.4,9.1
Furkan Korkmaz\korkmfu01,SG,23,PHI,28,3,19.0,3.1,7.6,.406,1.7,4.6,.375,1.4,3.0,.452,.519,1.1,1.4,.816,0.3,2.1,2.4,1.1,0.7,0.1,1.0,1.2,9.0
Nicolas Batum\batumni01,SF,32,LAC,37,37,28.8,3.1,6.5,.471,1.9,4.4,.432,1.2,2.2,.550,.616,0.8,1.0,.833,0.9,3.8,4.7,2.3,1.2,0.4,0.8,1.7,8.9
Reggie Jackson\jacksre01,SG,30,LAC,37,17,20.5,3.3,7.3,.454,1.4,3.4,.411,1.9,3.9,.490,.548,0.9,1.2,.767,0.4,2.3,2.6,2.9,0.5,0.1,1.0,1.9,8.9
Danny Green\greenda02,SF,33,PHI,39,39,28.3,3.1,7.6,.404,2.3,5.9,.384,0.8,1.7,.477,.554,0.3,0.5,.650,0.8,2.9,3.7,1.8,1.2,0.8,1.2,1.8,8.8
Reggie Bullock\bullore01,SF,29,NYK,34,34,26.4,3.1,7.7,.405,1.8,4.9,.370,1.3,2.9,.464,.521,0.6,0.8,.846,0.3,3.0,3.3,1.3,0.6,0.2,0.7,2.2,8.7
J.J. Redick\redicjj01,SG,36,NOP,31,0,18.6,2.8,6.9,.407,1.6,4.5,.364,1.2,2.4,.486,.526,1.5,1.5,.957,0.1,1.6,1.7,1.3,0.3,0.1,0.8,1.2,8.7
Isaiah Roby\robyis01,PF,22,OKC,33,13,21.8,3.4,6.3,.536,0.6,1.7,.339,2.8,4.6,.609,.582,1.4,1.9,.719,1.5,3.9,5.4,1.8,0.8,0.6,1.6,2.6,8.7
Kentavious Caldwell-Pope\caldwke01,SG,27,LAL,34,34,26.2,2.9,6.8,.435,1.5,3.8,.395,1.4,3.0,.485,.546,1.2,1.4,.857,0.5,2.0,2.4,1.4,0.8,0.3,1.0,1.6,8.6
Garrett Temple\templga01,SG,34,CHI,35,12,27.9,3.1,7.4,.425,1.3,3.8,.343,1.8,3.6,.512,.514,0.9,1.1,.816,0.6,2.6,3.1,2.0,0.9,0.5,1.0,2.3,8.5
Robert Covington\covinro01,PF,30,POR,36,36,32.2,2.9,7.5,.391,1.9,5.2,.356,1.1,2.3,.470,.515,0.7,0.8,.828,0.8,5.8,6.6,1.8,1.6,1.2,1.2,2.6,8.4
Steven Adams\adamsst01,C,27,NOP,36,36,27.4,3.6,5.7,.629,0.0,0.1,.000,3.6,5.6,.635,.629,1.1,2.4,.459,4.0,5.2,9.2,2.0,0.9,0.6,1.5,1.8,8.3
Nickeil Alexander-Walker\alexani01,SG,22,NOP,31,3,17.7,3.1,7.6,.409,1.0,3.5,.299,2.1,4.2,.500,.477,1.0,1.2,.816,0.2,2.4,2.5,1.9,0.9,0.3,1.2,1.6,8.3
Patrick Beverley\beverpa01,PG,32,LAC,29,29,23.8,2.8,6.2,.442,1.7,4.1,.420,1.0,2.1,.484,.580,1.1,1.3,.795,0.9,2.8,3.7,2.1,0.9,0.8,0.9,3.1,8.3
Bruce Brown\brownbr01,PG,24,BRK,35,22,21.0,3.5,6.2,.560,0.3,1.0,.257,3.2,5.2,.619,.581,1.1,1.6,.709,1.5,3.0,4.5,1.4,0.7,0.3,0.8,2.1,8.3
Taurean Prince\princta02,PF,26,TOT,29,10,21.4,2.7,7.2,.380,1.3,3.5,.386,1.4,3.7,.374,.474,1.6,1.8,.849,0.5,3.1,3.6,1.7,0.7,0.7,1.1,1.8,8.3
Landry Shamet\shamela01,SG,23,BRK,35,0,20.1,2.7,6.7,.402,1.9,5.0,.385,0.8,1.7,.450,.545,1.0,1.2,.854,0.2,1.7,1.9,1.1,0.4,0.1,0.7,1.3,8.3
Dorian Finney-Smith\finnedo01,PF,27,DAL,28,28,31.5,3.0,7.1,.420,1.6,4.8,.343,1.4,2.4,.576,.535,0.5,0.6,.882,1.4,4.0,5.4,1.4,0.9,0.4,0.6,2.6,8.2
Ricky Rubio\rubiori01,PG,30,MIN,37,22,25.7,2.7,6.9,.387,0.8,2.4,.311,1.9,4.5,.428,.441,2.1,2.5,.846,0.4,2.8,3.2,6.5,1.2,0.0,2.1,2.2,8.2
Robin Lopez\lopezro01,C,32,WAS,37,9,20.4,3.2,5.5,.584,0.1,0.4,.286,3.1,5.1,.606,.594,1.6,2.3,.714,2.2,2.0,4.2,0.9,0.3,0.6,1.1,1.9,8.1
Anfernee Simons\simonan01,SG,21,POR,35,0,16.7,2.7,6.9,.398,2.0,4.8,.408,0.8,2.1,.375,.541,0.7,0.8,.821,0.2,2.1,2.4,1.4,0.2,0.1,0.8,1.7,8.1
Ivica Zubac\zubaciv01,C,23,LAC,40,1,19.6,3.1,4.8,.647,0.0,0.1,.000,3.1,4.7,.654,.647,1.9,2.4,.819,2.4,4.5,6.9,1.1,0.4,0.8,1.0,2.5,8.1
Tyus Jones\jonesty01,PG,24,MEM,35,8,21.0,3.4,7.6,.444,0.7,2.5,.295,2.6,5.1,.517,.492,0.5,0.6,.864,0.4,1.9,2.4,4.4,1.2,0.1,0.9,0.5,8.0
Derrick Jones Jr.\jonesde02,SF,23,POR,34,33,26.6,2.9,5.8,.500,0.8,2.5,.329,2.1,3.3,.628,.571,1.3,2.0,.657,1.7,2.9,4.6,0.9,0.8,1.0,0.7,2.4,7.9
Théo Maledon\maledth01,PG,19,OKC,33,18,26.1,2.8,7.1,.402,1.5,4.1,.370,1.3,3.0,.444,.509,0.7,1.0,.706,0.2,2.8,3.0,3.5,0.9,0.1,1.9,2.4,7.9
Raul Neto\netora01,PG,28,WAS,32,6,20.7,3.0,6.9,.436,1.0,2.6,.393,2.0,4.3,.463,.511,0.9,1.1,.824,0.4,1.8,2.3,2.3,1.1,0.1,0.8,1.4,7.9
Tristan Thompson\thomptr01,PF,29,BOS,36,31,22.5,3.3,6.2,.534,0.0,0.1,.000,3.3,6.1,.541,.534,1.3,2.2,.600,3.1,5.3,8.4,1.0,0.4,0.4,1.0,2.1,7.9
Isaac Okoro\okorois01,SG,20,CLE,33,33,32.8,2.9,7.3,.402,0.8,3.0,.283,2.1,4.3,.486,.461,1.1,1.6,.679,1.0,1.7,2.7,1.8,1.1,0.5,1.4,3.1,7.8
Denzel Valentine\valende01,SG,27,CHI,33,3,19.2,3.0,7.9,.382,1.6,4.6,.351,1.4,3.4,.423,.483,0.2,0.2,1.000,0.4,3.7,4.1,1.8,0.7,0.0,0.6,1.2,7.8
Luke Kennard\kennalu01,SG,24,LAC,36,7,19.9,2.9,6.1,.471,1.5,3.4,.455,1.4,2.8,.490,.595,0.4,0.4,.867,0.3,2.4,2.6,1.8,0.4,0.2,0.8,1.5,7.7
Sterling Brown\brownst02,SG,25,HOU,35,5,23.2,2.8,6.5,.429,1.6,4.2,.388,1.1,2.3,.506,.555,0.5,0.5,.941,0.7,3.5,4.2,1.7,0.9,0.2,0.8,1.9,7.6
Tyrese Maxey\maxeyty01,SG,20,PHI,35,6,15.4,3.3,7.2,.451,0.4,1.6,.268,2.8,5.6,.503,.480,0.7,0.8,.852,0.2,1.5,1.7,1.7,0.4,0.2,0.7,1.1,7.6
JaVale McGee\mcgeeja01,C,33,CLE,29,1,15.1,3.2,6.5,.495,0.2,0.7,.263,3.0,5.8,.521,.508,1.0,1.6,.617,1.5,3.4,4.9,1.0,0.5,1.2,1.3,2.6,7.6
Payton Pritchard\pritcpa01,SG,23,BOS,32,1,20.9,2.8,6.2,.452,1.4,3.4,.409,1.4,2.8,.506,.565,0.5,0.6,.944,0.5,1.7,2.2,2.3,0.6,0.2,1.1,1.9,7.6
DeAndre Jordan\jordade01,C,32,BRK,37,28,23.1,3.4,4.4,.765,0.0,0.0,.000,3.4,4.4,.770,.765,0.8,1.6,.500,1.8,5.7,7.5,1.8,0.3,1.4,1.6,2.2,7.5
Royce O'Neale\onealro01,SF,27,UTA,38,38,32.7,2.6,5.8,.441,1.7,4.2,.409,0.9,1.7,.524,.588,0.7,0.8,.833,1.2,5.6,6.8,2.7,0.8,0.6,1.2,2.8,7.5
Aaron Holiday\holidaa01,PG,24,IND,37,6,18.7,2.8,7.2,.381,1.1,3.0,.351,1.7,4.2,.401,.453,0.8,1.1,.725,0.2,1.1,1.3,1.8,0.6,0.1,0.8,1.7,7.4
Trey Burke\burketr01,PG,28,DAL,36,0,16.0,2.7,6.1,.443,1.2,3.1,.384,1.5,3.0,.505,.541,0.8,0.9,.871,0.1,0.8,0.9,1.6,0.6,0.1,0.5,1.2,7.3
Talen Horton-Tucker\hortota01,SG,20,LAL,34,1,17.4,2.8,6.5,.436,0.5,1.9,.277,2.3,4.6,.503,.477,1.0,1.2,.829,0.3,2.1,2.4,1.9,0.8,0.6,1.3,2.1,7.2
Timothé Luwawu-Cabarrot\luwawti01,SF,25,BRK,34,6,19.7,2.5,6.5,.389,1.6,4.3,.363,1.0,2.2,.440,.509,0.6,0.8,.769,0.5,1.8,2.4,1.3,0.7,0.1,0.7,1.9,7.2
Robert Williams\williro04,C,23,BOS,31,0,16.3,3.1,4.3,.722,0.0,0.0,.000,3.1,4.3,.727,.722,0.9,1.4,.643,2.3,3.7,6.0,1.2,0.9,1.6,1.0,1.8,7.1
Terence Davis\daviste02,SG,23,TOR,33,4,14.8,2.6,6.3,.413,1.3,3.7,.364,1.3,2.6,.483,.519,0.5,0.5,.889,0.3,1.7,2.0,1.1,0.5,0.2,0.8,1.5,7.0
Garrison Mathews\mathega01,SG,24,WAS,31,15,16.9,1.9,4.6,.420,1.5,3.7,.400,0.5,0.9,.500,.580,1.6,1.7,.926,0.4,1.4,1.7,0.5,0.7,0.2,0.1,1.6,7.0
Frank Kaminsky\kaminfr01,C,27,PHO,29,13,15.6,2.7,5.8,.464,0.9,2.2,.413,1.8,3.6,.495,.542,0.7,1.1,.613,0.8,3.1,3.9,1.7,0.3,0.4,0.5,1.4,6.9
Sviatoslav Mykhailiuk\mykhasv01,SF,23,DET,36,5,17.6,2.3,6.2,.377,1.6,4.8,.333,0.8,1.4,.519,.504,0.7,0.8,.800,0.3,1.8,2.1,1.6,0.8,0.2,1.1,0.9,6.9
Damyean Dotson\dotsoda01,SG,26,CLE,31,6,18.7,2.5,6.5,.393,0.9,3.4,.274,1.6,3.1,.526,.465,0.6,0.9,.714,0.1,1.7,1.9,2.2,0.4,0.1,0.8,0.9,6.7
Xavier Tillman Sr.\tillmxa01,PF,22,MEM,30,7,19.8,2.8,5.5,.512,0.3,1.2,.278,2.5,4.3,.577,.542,0.7,0.9,.741,1.3,3.1,4.4,1.6,0.9,0.6,0.9,2.4,6.7
Pat Connaughton\connapa01,SG,28,MIL,35,0,21.2,2.4,5.4,.441,1.4,3.7,.391,0.9,1.7,.550,.574,0.4,0.5,.824,0.9,3.3,4.2,1.4,0.7,0.4,0.4,1.6,6.6
Cory Joseph\josepco01,PG,29,SAC,38,2,21.1,2.6,5.7,.445,0.7,2.2,.318,1.8,3.5,.526,.507,0.8,1.0,.769,0.6,1.7,2.3,2.4,0.8,0.2,1.0,2.3,6.6
T.J. McConnell\mccontj01,PG,28,IND,34,2,25.2,3.1,5.9,.525,0.2,0.6,.316,2.9,5.3,.547,.540,0.3,0.6,.474,0.7,3.0,3.7,6.4,1.9,0.4,1.9,1.6,6.6
Ben McLemore\mclembe01,SG,27,HOU,27,3,16.1,2.3,6.6,.345,1.4,4.7,.310,0.8,1.9,.431,.455,0.6,0.9,.708,0.4,1.9,2.3,0.9,0.6,0.1,0.9,1.5,6.6
Kenrich Williams\willike04,PF,26,OKC,39,6,19.3,2.8,4.9,.568,0.6,1.4,.407,2.2,3.5,.632,.626,0.5,0.8,.545,1.3,2.7,3.9,1.7,0.7,0.2,0.9,1.8,6.6
Jakob Poeltl\poeltja01,C,25,SAS,35,17,23.9,3.0,5.0,.600,0.0,0.0,,3.0,5.0,.600,.600,0.5,1.5,.353,3.0,4.3,7.2,1.9,0.6,1.5,1.1,2.2,6.5
Kent Bazemore\bazemke01,SF,31,GSW,37,1,16.6,2.3,4.9,.470,1.1,2.6,.421,1.2,2.4,.523,.579,0.7,1.0,.722,0.4,2.5,2.9,1.6,0.8,0.5,1.1,2.2,6.4
Dwight Howard\howardw01,C,35,PHI,39,4,16.3,2.4,4.1,.597,0.1,0.3,.308,2.3,3.7,.623,.610,1.5,2.7,.538,2.5,5.0,7.5,0.8,0.4,0.9,1.7,3.0,6.4
Aron Baynes\baynear01,C,34,TOR,36,29,19.7,2.6,6.3,.422,0.6,2.1,.260,2.1,4.1,.507,.467,0.5,0.7,.750,1.8,3.8,5.6,1.0,0.3,0.4,0.9,2.3,6.3
Damion Lee\leeda03,SG,28,GSW,38,1,19.0,2.1,4.8,.442,1.4,3.7,.374,0.7,1.1,.667,.586,0.7,0.8,.903,0.4,2.9,3.3,1.4,0.7,0.1,0.4,1.5,6.3
Jeff Teague\teaguje01,PG,32,BOS,30,4,17.9,2.0,5.4,.374,0.7,1.6,.429,1.3,3.8,.351,.439,1.5,1.7,.865,0.3,1.4,1.7,2.1,0.8,0.2,1.1,1.2,6.3
D.J. Augustin\augusdj01,PG,33,MIL,36,6,19.4,1.9,5.2,.367,1.3,3.5,.381,0.6,1.7,.339,.495,1.0,1.1,.900,0.3,1.1,1.4,3.0,0.6,0.0,0.9,0.8,6.2
Deni Avdija\avdijde01,SF,20,WAS,33,17,22.2,2.4,5.5,.436,1.1,3.1,.347,1.3,2.4,.550,.533,0.3,0.6,.579,0.4,4.3,4.7,1.3,0.7,0.2,0.8,2.6,6.2
Derrick Favors\favorde01,C,29,UTA,36,0,16.2,2.4,3.7,.649,0.0,0.0,.000,2.4,3.7,.654,.649,1.3,1.6,.789,1.9,3.5,5.4,0.8,0.5,0.9,0.6,2.4,6.1
Draymond Green\greendr01,PF,30,GSW,33,33,29.7,2.3,5.8,.398,0.5,2.0,.258,1.8,3.8,.472,.442,0.9,1.3,.738,0.7,5.4,6.2,8.5,1.5,0.7,2.7,3.2,6.1
Jarred Vanderbilt\vandeja01,PF,21,MIN,37,20,19.0,2.5,4.0,.617,0.0,0.1,.500,2.5,4.0,.619,.621,1.0,1.8,.559,1.8,4.1,5.9,1.5,1.1,0.8,1.1,2.1,6.0
Precious Achiuwa\achiupr01,PF,21,MIA,38,2,13.4,2.3,3.9,.584,0.0,0.0,,2.3,3.9,.584,.584,1.2,2.2,.530,1.3,2.6,3.8,0.5,0.4,0.5,0.9,1.6,5.7
Alex Caruso\carusal01,PG,26,LAL,30,0,19.5,2.1,4.9,.432,0.9,2.3,.400,1.2,2.5,.461,.527,0.6,0.8,.720,0.6,2.2,2.7,2.4,1.0,0.2,1.1,1.7,5.7
James Johnson\johnsja01,PF,33,DAL,29,1,17.4,2.3,5.0,.462,0.5,2.1,.250,1.8,2.9,.612,.514,0.6,1.0,.586,0.5,2.5,3.0,1.7,0.8,0.8,0.9,2.0,5.7
Jaden McDaniels\mcdanja02,PF,20,MIN,32,1,19.4,2.1,5.0,.419,1.0,2.8,.371,1.1,2.2,.479,.522,0.4,0.8,.500,0.6,2.7,3.3,1.0,0.4,1.0,0.8,2.4,5.6
Semi Ojeleye\ojelese01,PF,26,BOS,35,6,19.1,1.9,4.5,.420,1.3,3.2,.389,0.6,1.3,.500,.561,0.6,0.8,.714,0.6,2.3,2.9,0.8,0.3,0.0,0.4,1.2,5.6
Isaiah Stewart\stewais01,C,19,DET,36,2,18.6,2.4,4.3,.564,0.1,0.2,.333,2.4,4.2,.573,.571,0.6,0.9,.676,2.4,3.5,5.9,0.7,0.6,1.0,0.9,2.5,5.6
Khem Birch\birchkh01,C,28,ORL,38,1,20.0,2.0,4.3,.472,0.1,0.4,.250,1.9,3.9,.497,.485,1.3,1.8,.739,2.5,2.8,5.3,1.0,0.6,0.7,0.6,1.5,5.5
Willie Cauley-Stein\caulewi01,C,27,DAL,33,11,17.3,2.3,3.6,.625,0.0,0.2,.143,2.2,3.4,.655,.629,0.9,1.5,.646,1.2,3.2,4.4,0.8,0.3,0.8,0.5,2.3,5.5
Bismack Biyombo\biyombi01,C,28,CHO,35,19,22.0,2.3,4.1,.552,0.0,0.0,.000,2.3,4.1,.556,.552,0.9,1.8,.484,2.1,3.3,5.5,1.4,0.3,1.1,1.0,2.4,5.4
Facundo Campazzo\campafa01,PG,29,DEN,32,1,16.7,1.7,4.2,.400,1.1,2.9,.372,0.6,1.3,.463,.530,0.9,1.2,.811,0.2,0.9,1.1,2.3,0.9,0.2,0.8,1.9,5.4
Jaxson Hayes\hayesja02,C,20,NOP,28,1,13.1,2.2,3.0,.729,0.0,0.0,,2.2,3.0,.729,.729,1.0,1.4,.718,1.3,2.3,3.5,0.4,0.4,0.5,0.6,1.8,5.4
Alex Len\lenal01,C,27,TOT,29,7,13.6,2.1,3.3,.642,0.2,0.7,.300,1.9,2.6,.733,.674,1.0,1.7,.592,0.7,2.4,3.1,0.9,0.3,1.2,0.9,1.7,5.4
Caleb Martin\martica02,SF,25,CHO,27,1,14.9,2.1,5.0,.415,0.7,2.1,.328,1.4,2.9,.481,.485,0.5,1.0,.538,0.7,2.0,2.7,1.1,0.8,0.3,0.7,1.0,5.4
Markieff Morris\morrima02,PF,31,LAL,32,8,17.4,1.9,4.6,.412,0.9,2.8,.333,1.0,1.8,.534,.514,0.7,1.0,.710,0.7,3.2,3.9,1.0,0.2,0.3,0.6,1.6,5.4
Devin Vassell\vassede01,SF,20,SAS,28,1,17.2,1.9,4.8,.398,1.0,2.4,.403,0.9,2.4,.394,.500,0.6,0.8,.857,0.6,2.5,3.1,1.1,1.1,0.3,0.4,1.3,5.4
Georges Niang\niangge01,PF,27,UTA,38,0,13.3,2.0,4.6,.426,1.2,3.2,.374,0.8,1.4,.547,.557,0.1,0.1,1.000,0.3,1.9,2.2,0.7,0.3,0.1,0.6,1.5,5.3
Grant Williams\willigr01,PF,22,BOS,30,6,18.1,1.9,4.0,.467,0.9,2.1,.422,1.0,1.9,.518,.579,0.5,1.0,.516,0.9,1.9,2.9,0.9,0.5,0.4,0.9,2.7,5.2
Rodney Hood\hoodro01,SF,28,POR,33,5,19.5,2.1,5.5,.374,0.6,2.2,.288,1.4,3.3,.431,.431,0.3,0.4,.750,0.3,1.4,1.6,1.2,0.6,0.1,0.8,1.5,5.0
Kevin Knox\knoxke01,SF,21,NYK,28,0,14.4,1.8,4.4,.398,1.1,2.7,.400,0.7,1.7,.396,.520,0.4,0.5,.786,0.3,1.5,1.8,0.6,0.3,0.2,0.6,1.2,5.0
Josh Okogie\okogijo01,SG,22,MIN,32,20,19.4,1.5,4.5,.343,0.4,1.8,.207,1.2,2.7,.435,.385,1.5,1.8,.814,0.9,1.7,2.6,1.2,0.8,0.4,0.7,2.0,4.9
Obi Toppin\toppiob01,PF,22,NYK,29,0,12.8,2.0,4.0,.504,0.5,1.6,.311,1.5,2.4,.629,.565,0.4,0.5,.733,0.5,2.1,2.6,0.6,0.3,0.3,0.6,1.1,4.9
Daniel Gafford\gaffoda01,PF,22,CHI,27,11,13.0,1.9,2.9,.675,0.0,0.0,,1.9,2.9,.675,.675,1.0,1.4,.667,1.3,1.8,3.1,0.6,0.4,1.2,0.7,1.9,4.8
Marc Gasol\gasolma01,C,36,LAL,35,35,20.1,1.5,3.8,.403,0.9,2.4,.365,0.7,1.4,.469,.519,0.8,1.0,.806,0.7,3.4,4.1,2.0,0.5,1.3,0.9,2.3,4.8
Terance Mann\mannte01,SG,24,LAC,37,3,16.0,1.8,3.7,.471,0.4,1.0,.395,1.4,2.7,.500,.525,0.9,1.1,.810,0.8,2.4,3.3,1.3,0.4,0.2,0.6,1.6,4.8
Nerlens Noel\noelne01,C,26,NYK,34,12,22.2,2.1,3.4,.598,0.0,0.1,.000,2.1,3.4,.609,.598,0.6,1.0,.667,2.2,3.8,6.0,0.6,0.9,2.0,1.2,2.6,4.8
Brad Wanamaker\wanambr01,PG,31,GSW,37,0,16.2,1.6,4.4,.358,0.4,1.5,.232,1.2,2.9,.425,.398,1.3,1.5,.891,0.2,1.5,1.7,2.7,0.7,0.2,0.9,1.4,4.8
DeAndre' Bembry\bembrde01,SF,26,TOR,30,7,17.4,1.9,3.6,.532,0.3,0.9,.333,1.6,2.7,.598,.573,0.5,0.7,.682,0.5,1.8,2.3,1.9,0.7,0.3,1.1,1.6,4.7
Andre Iguodala\iguodan01,SF,37,MIA,37,2,21.8,1.6,4.2,.378,1.1,3.2,.333,0.5,1.0,.528,.506,0.4,0.7,.560,0.6,3.2,3.8,2.1,1.0,0.4,1.0,1.4,4.6
P.J. Tucker\tuckepj01,PF,35,HOU,32,32,30.0,1.5,4.1,.366,0.8,2.7,.314,0.7,1.4,.467,.469,0.6,0.7,.783,1.0,3.6,4.6,1.4,0.9,0.6,1.0,2.8,4.4
Solomon Hill\hillso01,PF,29,ATL,39,1,19.3,1.4,4.0,.355,0.9,2.9,.322,0.5,1.0,.450,.474,0.5,0.5,.857,0.5,1.7,2.2,0.9,0.7,0.2,0.6,1.7,4.2
Wesley Matthews\matthwe02,SG,34,LAL,31,4,20.2,1.4,3.9,.355,1.0,3.0,.333,0.4,0.9,.429,.483,0.4,0.5,.813,0.4,1.0,1.4,1.1,0.5,0.4,0.5,1.5,4.2
Mychal Mulder\muldemy01,PG,26,GSW,34,2,10.6,1.4,3.2,.435,1.1,2.7,.409,0.3,0.4,.600,.611,0.2,0.4,.533,0.0,0.9,0.9,0.4,0.2,0.2,0.2,0.8,4.1
Sekou Doumbouya\doumbse01,PF,20,DET,34,2,13.1,1.5,4.1,.355,0.4,1.8,.250,1.0,2.4,.432,.408,0.6,0.8,.731,0.5,1.7,2.2,0.6,0.4,0.1,0.6,1.5,3.9
Kevon Looney\looneke01,C,24,GSW,29,12,14.7,1.5,2.6,.579,0.1,0.2,.333,1.4,2.4,.600,.592,0.7,0.9,.800,1.7,2.5,4.2,1.5,0.3,0.3,0.6,1.9,3.8
Isaiah Hartenstein\harteis01,C,22,DEN,27,0,9.4,1.5,2.9,.519,0.0,0.0,,1.5,2.9,.519,.519,0.7,1.3,.588,1.4,1.4,2.8,0.5,0.4,0.6,0.7,2.0,3.7
Matisse Thybulle\thybuma01,SG,23,PHI,36,4,18.4,1.4,3.4,.430,0.6,1.9,.314,0.8,1.4,.588,.521,0.2,0.4,.571,0.5,1.1,1.6,1.0,1.6,0.9,0.4,2.1,3.7
Gary Clark\clarkga01,SF,26,ORL,33,11,18.9,1.2,3.9,.302,0.9,3.2,.280,0.3,0.7,.409,.419,0.2,0.3,.800,1.0,2.3,3.3,0.9,0.4,0.2,0.5,1.0,3.5
Dean Wade\wadede01,PF,24,CLE,30,5,11.6,1.1,2.7,.413,0.7,1.9,.393,0.4,0.8,.458,.550,0.3,0.4,.667,0.5,1.6,2.0,0.7,0.2,0.3,0.4,0.8,3.2
Stanley Johnson\johnsst04,PF,24,TOR,35,5,14.2,1.1,2.7,.398,0.7,1.7,.400,0.4,0.9,.394,.527,0.3,0.4,.786,0.5,1.8,2.2,1.3,0.7,0.3,0.7,1.6,3.1
Jevon Carter\carteje01,PG,25,PHO,30,0,9.8,1.0,2.9,.360,0.6,2.0,.305,0.4,0.9,.481,.465,0.1,0.1,1.000,0.1,1.1,1.2,1.2,0.4,0.2,0.2,1.0,2.7
Thanasis Antetokounmpo\antetth01,SF,28,MIL,28,0,8.6,1.0,1.7,.596,0.1,0.3,.222,0.9,1.4,.684,.617,0.2,0.5,.462,1.0,1.1,2.0,0.6,0.3,0.2,0.7,1.2,2.3
Miye Oni\onimi01,SG,23,UTA,27,0,7.7,0.5,1.4,.368,0.5,1.2,.394,0.0,0.2,.200,.539,0.2,0.2,.833,0.5,1.2,1.7,0.2,0.1,0.1,0.3,1.1,1.7
